Date,Description,Amount,Category,Subcategory,Payment Method,Note
2025-06-05,Electronic Savings,161956,Expense,Savings,E-Wallet,
2025-06-05,Flight Tickets,76707,Expense,Transport,E-Wallet,
2025-06-05,Cinema,437794,Expense,Entertainment,Cash,
2025-06-04,Fried Chicken,499197,Expense,Food,Debit,
2025-06-01,Electronics,151559,Expense,Shopping,E-Wallet,
2025-06-01,Monthly Paycheck,7000000,Income,Salary,Debit,
2025-06-01,Bonus,3000000,Income,Bonus,Debit,Performance bonus
2025-05-31,Bus,433350,Expense,Transport,Debit,
2025-05-31,Electronics,483048,Expense,Shopping,Debit,
2025-05-31,Electronic Savings,42174,Expense,Savings,E-Wallet,
2025-05-29,Clothes,20234,Expense,Shopping,Cash,
2025-05-29,Tacos,286091,Expense,Food,Credit,
2025-05-29,Electronics,450991,Expense,Shopping,Debit,
2025-05-26,Flight Tickets,418624,Expense,Transport,E-Wallet,
2025-05-25,Electronic Savings,170928,Expense,Savings,Cash,
2025-05-25,Flight Tickets,245422,Expense,Transport,Debit,
2025-05-24,Flight Tickets,96124,Expense,Transport,Credit,
2025-05-24,Disneyland,461015,Expense,Entertainment,Cash,
2025-05-20,Cinema,135917,Expense,Entertainment,Debit,
2025-05-19,Bus,227851,Expense,Transport,E-Wallet,
2025-05-19,Clothes,396328,Expense,Shopping,Debit,
2025-05-19,Disneyland,189819,Expense,Entertainment,Cash,
2025-05-19,Electronic Savings,168056,Expense,Savings,Debit,
2025-05-15,Fried Chicken,315628,Expense,Food,Debit,
2025-05-14,Clothes,360103,Expense,Shopping,Credit,
2025-05-13,Miscellaneous,114648,Expense,Others,E-Wallet,
2025-05-13,Clothes,171326,Expense,Shopping,Debit,
2025-05-13,Pizza,294013,Expense,Food,Cash,
2025-05-11,Miscellaneous,465738,Expense,Others,E-Wallet,
2025-05-11,Tacos,177527,Expense,Food,Cash,
2025-05-10,Fried Chicken,51971,Expense,Food,Credit,
2025-05-10,Pizza,32601,Expense,Food,E-Wallet,
2025-05-10,Clothes,285553,Expense,Shopping,E-Wallet,
2025-05-09,Cinema,118940,Expense,Entertainment,E-Wallet,
2025-05-07,Train,282595,Expense,Transport,Cash,
2025-05-06,Electronic Savings,348467,Expense,Savings,E-Wallet,
2025-05-06,Electronic Savings,387149,Expense,Savings,Cash,
2025-05-05,Miscellaneous,26371,Expense,Others,Cash,
2025-05-05,Electronics,19110,Expense,Shopping,E-Wallet,
2025-05-05,Tacos,374115,Expense,Food,E-Wallet,
2025-05-05,Electronic Savings,73646,Expense,Savings,Credit,
2025-05-04,Electronic Savings,277247,Expense,Savings,Cash,
2025-05-04,Electronics,334934,Expense,Shopping,Cash,
2025-05-01,Fried Chicken,322023,Expense,Food,E-Wallet,
2025-05-01,Miscellaneous,348404,Expense,Others,Cash,
2025-05-01,Monthly Paycheck,7000000,Income,Salary,Debit,
2025-04-29,Miscellaneous,255809,Expense,Others,E-Wallet,
2025-04-27,Train,12719,Expense,Transport,Credit,
2025-04-26,Disneyland,183921,Expense,Entertainment,E-Wallet,
2025-04-25,Train,108000,Expense,Transport,E-Wallet,
2025-04-19,Electronic Savings,210244,Expense,Savings,Cash,
2025-04-18,Miscellaneous,131534,Expense,Others,E-Wallet,
2025-04-18,Miscellaneous,126381,Expense,Others,Debit,
2025-04-18,Clothes,227060,Expense,Shopping,E-Wallet,
2025-04-16,Train,124914,Expense,Transport,Debit,
2025-04-16,Tacos,78099,Expense,Food,Cash,
2025-04-16,Electronics,372226,Expense,Shopping,Credit,
2025-04-16,Fried Chicken,170761,Expense,Food,E-Wallet,
2025-04-16,Bus,484112,Expense,Transport,Credit,
2025-04-15,Bus,74077,Expense,Transport,Credit,
2025-04-14,Miscellaneous,473509,Expense,Others,Debit,
2025-04-12,Bus,59115,Expense,Transport,E-Wallet,
2025-04-12,Tacos,41852,Expense,Food,Credit,
2025-04-12,Tacos,97833,Expense,Food,Cash,
2025-04-11,Electronic Savings,277552,Expense,Savings,E-Wallet,
2025-04-09,Electronic Savings,331497,Expense,Savings,Debit,
2025-04-09,Bus,166044,Expense,Transport,E-Wallet,
2025-04-07,Miscellaneous,271798,Expense,Others,Credit,
2025-04-06,Disneyland,404805,Expense,Entertainment,E-Wallet,
2025-04-05,Bonus,3000000,Income,Bonus,Debit,Performance bonus
2025-04-04,Pizza,217606,Expense,Food,Credit,
2025-04-01,Monthly Paycheck,7000000,Income,Salary,Debit,
2025-04-01,Train,46668,Expense,Transport,Debit,
2025-03-31,Electronics,132808,Expense,Shopping,Cash,
2025-03-29,Miscellaneous,218261,Expense,Others,Debit,
2025-03-28,Flight Tickets,43276,Expense,Transport,Debit,
2025-03-28,Miscellaneous,178502,Expense,Others,Credit,
2025-03-25,Flight Tickets,292502,Expense,Transport,E-Wallet,
2025-03-25,Electronic Savings,305138,Expense,Savings,Cash,
2025-03-24,Electronic Savings,42154,Expense,Savings,Credit,
2025-03-23,Miscellaneous,80390,Expense,Others,Debit,
2025-03-23,Electronics,39345,Expense,Shopping,Cash,
2025-03-22,Electronics,294769,Expense,Shopping,Cash,
2025-03-20,Miscellaneous,65591,Expense,Others,Cash,
2025-03-20,Disneyland,383616,Expense,Entertainment,Debit,
2025-03-18,Miscellaneous,284231,Expense,Others,Credit,
2025-03-18,Electronic Savings,402095,Expense,Savings,E-Wallet,
2025-03-18,Pizza,390002,Expense,Food,Credit,
2025-03-18,Clothes,318433,Expense,Shopping,E-Wallet,
2025-03-17,Clothes,185399,Expense,Shopping,Cash,
2025-03-17,Cinema,120091,Expense,Entertainment,Cash,
2025-03-16,Electronic Savings,387501,Expense,Savings,Cash,
2025-03-16,Electronic Savings,410584,Expense,Savings,Cash,
2025-03-16,Fried Chicken,235913,Expense,Food,Cash,
2025-03-16,Disneyland,19715,Expense,Entertainment,Debit,
2025-03-16,Miscellaneous,498219,Expense,Others,E-Wallet,
2025-03-15,Electronic Savings,236507,Expense,Savings,E-Wallet,
2025-03-15,Electronic Savings,24743,Expense,Savings,Credit,
2025-03-15,Clothes,258724,Expense,Shopping,Credit,
2025-03-13,Miscellaneous,15704,Expense,Others,Cash,
2025-03-13,Train,391915,Expense,Transport,Cash,
2025-03-12,Cinema,119945,Expense,Entertainment,Cash,
2025-03-12,Fried Chicken,441374,Expense,Food,E-Wallet,
2025-03-11,Electronic Savings,365891,Expense,Savings,Debit,
2025-03-10,Flight Tickets,44911,Expense,Transport,E-Wallet,
2025-03-08,Tacos,77411,Expense,Food,Debit,
2025-03-07,Electronic Savings,477243,Expense,Savings,Credit,
2025-03-06,Cinema,123632,Expense,Entertainment,E-Wallet,
2025-03-04,Train,301262,Expense,Transport,Debit,
2025-03-04,Bonus,3000000,Income,Bonus,Debit,Performance bonus
2025-03-02,Electronic Savings,315539,Expense,Savings,E-Wallet,
2025-03-02,Cinema,82240,Expense,Entertainment,E-Wallet,
2025-03-01,Monthly Paycheck,7000000,Income,Salary,Debit,
2025-03-01,Flight Tickets,58756,Expense,Transport,Debit,
2025-02-28,Miscellaneous,487880,Expense,Others,Cash,
2025-02-26,Disneyland,460348,Expense,Entertainment,Debit,
2025-02-25,Disneyland,241758,Expense,Entertainment,Debit,
2025-02-25,Cinema,78798,Expense,Entertainment,Credit,
2025-02-25,Electronic Savings,29991,Expense,Savings,E-Wallet,
2025-02-24,Pizza,175088,Expense,Food,Credit,
2025-02-24,Bus,205246,Expense,Transport,Cash,
2025-02-22,Fried Chicken,257644,Expense,Food,Debit,
2025-02-21,Tacos,297139,Expense,Food,Debit,
2025-02-21,Cinema,291570,Expense,Entertainment,Debit,
2025-02-20,Cinema,350357,Expense,Entertainment,E-Wallet,
2025-02-20,Electronic Savings,442430,Expense,Savings,E-Wallet,
2025-02-19,Tacos,307986,Expense,Food,Debit,
2025-02-19,Bus,440599,Expense,Transport,Cash,
2025-02-17,Electronic Savings,130987,Expense,Savings,E-Wallet,
2025-02-17,Electronic Savings,347108,Expense,Savings,Debit,
2025-02-17,Cinema,460062,Expense,Entertainment,E-Wallet,
2025-02-16,Cinema,484013,Expense,Entertainment,E-Wallet,
2025-02-16,Tacos,101751,Expense,Food,E-Wallet,
2025-02-16,Pizza,472132,Expense,Food,E-Wallet,
2025-02-16,Train,481027,Expense,Transport,Debit,
2025-02-15,Electronic Savings,233777,Expense,Savings,Debit,
2025-02-15,Cinema,341813,Expense,Entertainment,E-Wallet,
2025-02-15,Tacos,460930,Expense,Food,Cash,
2025-02-13,Electronics,22763,Expense,Shopping,Debit,
2025-02-12,Disneyland,177469,Expense,Entertainment,E-Wallet,
2025-02-11,Electronics,353581,Expense,Shopping,Cash,
2025-02-11,Flight Tickets,71215,Expense,Transport,E-Wallet,
2025-02-11,Cinema,118125,Expense,Entertainment,Credit,
2025-02-10,Electronic Savings,400136,Expense,Savings,E-Wallet,
2025-02-09,Tacos,438127,Expense,Food,E-Wallet,
2025-02-06,Disneyland,345914,Expense,Entertainment,E-Wallet,
2025-02-05,Disneyland,480474,Expense,Entertainment,Credit,
2025-02-05,Miscellaneous,245062,Expense,Others,Credit,
2025-02-05,Electronics,424299,Expense,Shopping,Credit,
2025-02-04,Clothes,147469,Expense,Shopping,Debit,
2025-02-04,Bonus,3000000,Income,Bonus,Debit,Performance bonus
2025-02-04,Cinema,96988,Expense,Entertainment,Cash,
2025-02-03,Clothes,134046,Expense,Shopping,E-Wallet,
2025-02-03,Pizza,223567,Expense,Food,Debit,
2025-02-01,Monthly Paycheck,7000000,Income,Salary,Debit,
2025-01-29,Pizza,453056,Expense,Food,E-Wallet,
2025-01-28,Miscellaneous,396805,Expense,Others,Credit,
2025-01-25,Miscellaneous,191561,Expense,Others,Cash,
2025-01-23,Clothes,149182,Expense,Shopping,Debit,
2025-01-21,Electronic Savings,358264,Expense,Savings,Debit,
2025-01-21,Fried Chicken,215244,Expense,Food,Debit,
2025-01-20,Clothes,48890,Expense,Shopping,Debit,
2025-01-20,Pizza,83972,Expense,Food,E-Wallet,
2025-01-20,Tacos,110546,Expense,Food,Debit,
2025-01-19,Clothes,261492,Expense,Shopping,E-Wallet,
2025-01-19,Electronics,287052,Expense,Shopping,Debit,
2025-01-18,Electronic Savings,471227,Expense,Savings,Credit,
2025-01-18,Miscellaneous,277253,Expense,Others,Cash,
2025-01-17,Train,479725,Expense,Transport,E-Wallet,
2025-01-17,Clothes,115686,Expense,Shopping,E-Wallet,
2025-01-16,Clothes,327862,Expense,Shopping,Debit,
2025-01-15,Electronics,302107,Expense,Shopping,Cash,
2025-01-15,Miscellaneous,147488,Expense,Others,Cash,
2025-01-14,Disneyland,117971,Expense,Entertainment,Debit,
2025-01-14,Tacos,298880,Expense,Food,Debit,
2025-01-14,Miscellaneous,192240,Expense,Others,E-Wallet,
2025-01-14,Clothes,337304,Expense,Shopping,Credit,
2025-01-12,Electronics,155406,Expense,Shopping,E-Wallet,
2025-01-11,Miscellaneous,411395,Expense,Others,Debit,
2025-01-10,Electronic Savings,299227,Expense,Savings,Credit,
2025-01-09,Fried Chicken,172932,Expense,Food,Debit,
2025-01-08,Clothes,192051,Expense,Shopping,Debit,
2025-01-07,Fried Chicken,435309,Expense,Food,Cash,
2025-01-07,Miscellaneous,194099,Expense,Others,Debit,
2025-01-07,Tacos,428647,Expense,Food,Cash,
2025-01-06,Electronic Savings,60601,Expense,Savings,Debit,
2025-01-05,Pizza,69821,Expense,Food,Debit,
2025-01-05,Disneyland,422104,Expense,Entertainment,Cash,
2025-01-04,Tacos,32612,Expense,Food,Debit,
2025-01-04,Disneyland,43848,Expense,Entertainment,Cash,
2025-01-01,Monthly Paycheck,7000000,Income,Salary,Debit,
2025-01-01,Disneyland,141878,Expense,Entertainment,E-Wallet,
2025-01-01,Bus,285494,Expense,Transport,Credit,
2024-12-31,Flight Tickets,434097,Expense,Transport,Credit,
2024-12-31,Disneyland,242892,Expense,Entertainment,Cash,
2024-12-29,Electronic Savings,152766,Expense,Savings,Cash,
2024-12-28,Miscellaneous,398318,Expense,Others,Debit,
2024-12-27,Bus,459920,Expense,Transport,Debit,
2024-12-25,Pizza,109214,Expense,Food,Cash,
2024-12-24,Electronics,183860,Expense,Shopping,Debit,
2024-12-24,Pizza,139295,Expense,Food,Debit,
2024-12-23,Electronic Savings,422009,Expense,Savings,E-Wallet,
2024-12-21,Cinema,262388,Expense,Entertainment,E-Wallet,
2024-12-19,Tacos,406646,Expense,Food,E-Wallet,
2024-12-17,Miscellaneous,208137,Expense,Others,Credit,
2024-12-17,Miscellaneous,496904,Expense,Others,Credit,
2024-12-16,Cinema,476709,Expense,Entertainment,Debit,
2024-12-15,Clothes,72812,Expense,Shopping,E-Wallet,
2024-12-14,Train,301336,Expense,Transport,Credit,
2024-12-13,Clothes,355186,Expense,Shopping,E-Wallet,
2024-12-12,Electronic Savings,311908,Expense,Savings,Debit,
2024-12-11,Clothes,336719,Expense,Shopping,Credit,
2024-12-10,Electronics,273957,Expense,Shopping,E-Wallet,
2024-12-09,Disneyland,148563,Expense,Entertainment,Credit,
2024-12-08,Cinema,172491,Expense,Entertainment,Debit,
2024-12-08,Cinema,14138,Expense,Entertainment,Cash,
2024-12-07,Cinema,130234,Expense,Entertainment,Credit,
2024-12-07,Miscellaneous,129121,Expense,Others,Debit,
2024-12-07,Electronics,178484,Expense,Shopping,E-Wallet,
2024-12-07,Miscellaneous,378676,Expense,Others,E-Wallet,
2024-12-06,Electronic Savings,447477,Expense,Savings,Credit,
2024-12-06,Miscellaneous,207478,Expense,Others,Cash,
2024-12-06,Fried Chicken,436420,Expense,Food,Cash,
2024-12-05,Cinema,318623,Expense,Entertainment,E-Wallet,
2024-12-04,Clothes,101218,Expense,Shopping,Cash,
2024-12-03,Flight Tickets,349061,Expense,Transport,Cash,
2024-12-03,Cinema,251324,Expense,Entertainment,E-Wallet,
2024-12-01,Monthly Paycheck,7000000,Income,Salary,Debit,
2024-11-29,Electronics,453066,Expense,Shopping,E-Wallet,
2024-11-28,Miscellaneous,310135,Expense,Others,Debit,
2024-11-28,Bus,148155,Expense,Transport,Credit,
2024-11-28,Cinema,230283,Expense,Entertainment,Debit,
2024-11-26,Clothes,29675,Expense,Shopping,Debit,
2024-11-25,Train,92180,Expense,Transport,Credit,
2024-11-25,Pizza,151880,Expense,Food,E-Wallet,
2024-11-25,Pizza,375735,Expense,Food,Credit,
2024-11-25,Fried Chicken,253386,Expense,Food,E-Wallet,
2024-11-24,Clothes,176667,Expense,Shopping,Debit,
2024-11-23,Disneyland,182312,Expense,Entertainment,Credit,
2024-11-22,Clothes,33429,Expense,Shopping,Cash,
2024-11-22,Clothes,316093,Expense,Shopping,Debit,
2024-11-21,Miscellaneous,183311,Expense,Others,Cash,
2024-11-20,Miscellaneous,293076,Expense,Others,Cash,
2024-11-18,Disneyland,438956,Expense,Entertainment,Debit,
2024-11-18,Tacos,324368,Expense,Food,Credit,
2024-11-17,Flight Tickets,133618,Expense,Transport,Debit,
2024-11-15,Electronic Savings,263618,Expense,Savings,Credit,
2024-11-11,Electronic Savings,376407,Expense,Savings,Credit,
2024-11-10,Cinema,61047,Expense,Entertainment,Credit,
2024-11-10,Train,240097,Expense,Transport,Credit,
2024-11-10,Miscellaneous,384743,Expense,Others,E-Wallet,
2024-11-09,Fried Chicken,293097,Expense,Food,E-Wallet,
2024-11-08,Clothes,437373,Expense,Shopping,Debit,
2024-11-07,Train,99045,Expense,Transport,Credit,
2024-11-07,Electronic Savings,464826,Expense,Savings,Cash,
2024-11-06,Electronic Savings,275786,Expense,Savings,Cash,
2024-11-06,Clothes,354982,Expense,Shopping,Debit,
2024-11-06,Electronics,140351,Expense,Shopping,E-Wallet,
2024-11-04,Miscellaneous,289687,Expense,Others,Credit,
2024-11-04,Tacos,50510,Expense,Food,Debit,
2024-11-01,Monthly Paycheck,7000000,Income,Salary,Debit,
2024-10-31,Electronic Savings,11015,Expense,Savings,Cash,
2024-10-31,Pizza,338932,Expense,Food,Debit,
2024-10-30,Miscellaneous,36790,Expense,Others,Credit,
2024-10-30,Train,150629,Expense,Transport,E-Wallet,
2024-10-30,Electronics,24995,Expense,Shopping,E-Wallet,
2024-10-29,Miscellaneous,495463,Expense,Others,E-Wallet,
2024-10-28,Flight Tickets,78056,Expense,Transport,Debit,
2024-10-28,Miscellaneous,383706,Expense,Others,Debit,
2024-10-27,Electronic Savings,393245,Expense,Savings,E-Wallet,
2024-10-26,Flight Tickets,446679,Expense,Transport,E-Wallet,
2024-10-26,Miscellaneous,250773,Expense,Others,E-Wallet,
2024-10-25,Disneyland,490808,Expense,Entertainment,Credit,
2024-10-24,Tacos,20103,Expense,Food,Credit,
2024-10-23,Electronics,58901,Expense,Shopping,Credit,
2024-10-22,Miscellaneous,304025,Expense,Others,Credit,
2024-10-22,Electronics,222652,Expense,Shopping,E-Wallet,
2024-10-21,Miscellaneous,463449,Expense,Others,Debit,
2024-10-21,Train,414777,Expense,Transport,E-Wallet,
2024-10-18,Pizza,120687,Expense,Food,E-Wallet,
2024-10-18,Disneyland,313472,Expense,Entertainment,Credit,
2024-10-17,Disneyland,249173,Expense,Entertainment,Cash,
2024-10-16,Pizza,409492,Expense,Food,E-Wallet,
2024-10-15,Cinema,258922,Expense,Entertainment,Debit,
2024-10-13,Flight Tickets,140513,Expense,Transport,Debit,
2024-10-13,Miscellaneous,482406,Expense,Others,Debit,
2024-10-11,Flight Tickets,353715,Expense,Transport,Debit,
2024-10-08,Disneyland,448864,Expense,Entertainment,Debit,
2024-10-07,Cinema,147660,Expense,Entertainment,Cash,
2024-10-05,Electronics,135501,Expense,Shopping,E-Wallet,
2024-10-04,Flight Tickets,56154,Expense,Transport,Cash,
2024-10-03,Electronics,485278,Expense,Shopping,Cash,
2024-10-03,Miscellaneous,254459,Expense,Others,E-Wallet,
2024-10-02,Electronics,163487,Expense,Shopping,E-Wallet,
2024-10-01,Bonus,3000000,Income,Bonus,Debit,Performance bonus
2024-10-01,Monthly Paycheck,7000000,Income,Salary,Debit,
2024-09-30,Electronic Savings,273031,Expense,Savings,Credit,
2024-09-29,Tacos,46683,Expense,Food,E-Wallet,
2024-09-29,Electronics,275406,Expense,Shopping,Debit,
2024-09-29,Flight Tickets,398832,Expense,Transport,Debit,
2024-09-28,Miscellaneous,161538,Expense,Others,Credit,
2024-09-27,Flight Tickets,119162,Expense,Transport,E-Wallet,
2024-09-22,Pizza,376824,Expense,Food,E-Wallet,
2024-09-21,Miscellaneous,314503,Expense,Others,E-Wallet,
2024-09-21,Pizza,149401,Expense,Food,Debit,
2024-09-20,Flight Tickets,448242,Expense,Transport,Cash,
2024-09-20,Miscellaneous,183672,Expense,Others,Cash,
2024-09-20,Electronics,391050,Expense,Shopping,Cash,
2024-09-20,Electronics,190448,Expense,Shopping,E-Wallet,
2024-09-18,Miscellaneous,128834,Expense,Others,Cash,
2024-09-17,Cinema,224892,Expense,Entertainment,Debit,
2024-09-15,Cinema,356874,Expense,Entertainment,E-Wallet,
2024-09-15,Cinema,62487,Expense,Entertainment,Cash,
2024-09-15,Bus,104776,Expense,Transport,E-Wallet,
2024-09-14,Clothes,486111,Expense,Shopping,Cash,
2024-09-12,Miscellaneous,436673,Expense,Others,E-Wallet,
2024-09-11,Electronic Savings,409953,Expense,Savings,Credit,
2024-09-11,Electronic Savings,130062,Expense,Savings,Cash,
2024-09-11,Clothes,318684,Expense,Shopping,Cash,
2024-09-10,Fried Chicken,80305,Expense,Food,Cash,
2024-09-10,Electronic Savings,310657,Expense,Savings,Cash,
2024-09-09,Pizza,178017,Expense,Food,Debit,
2024-09-09,Electronic Savings,275976,Expense,Savings,E-Wallet,
2024-09-08,Fried Chicken,252804,Expense,Food,Debit,
2024-09-07,Miscellaneous,284907,Expense,Others,Cash,
2024-09-06,Electronic Savings,90073,Expense,Savings,Debit,
2024-09-06,Pizza,13726,Expense,Food,Cash,
2024-09-06,Electronics,322252,Expense,Shopping,Cash,
2024-09-06,Tacos,15901,Expense,Food,Cash,
2024-09-05,Electronics,406210,Expense,Shopping,E-Wallet,
2024-09-05,Clothes,102493,Expense,Shopping,Debit,
2024-09-05,Bus,414880,Expense,Transport,Debit,
2024-09-05,Clothes,60098,Expense,Shopping,Credit,
2024-09-05,Pizza,46413,Expense,Food,Cash,
2024-09-04,Miscellaneous,475918,Expense,Others,Credit,
2024-09-04,Electronic Savings,370867,Expense,Savings,E-Wallet,
2024-09-03,Clothes,321478,Expense,Shopping,Cash,
2024-09-01,Monthly Paycheck,7000000,Income,Salary,Debit,
2024-09-01,Tacos,274064,Expense,Food,Debit,
2024-09-01,Pizza,305767,Expense,Food,Cash,
2024-09-01,Electronic Savings,424736,Expense,Savings,Debit,
2024-08-31,Miscellaneous,267750,Expense,Others,E-Wallet,
2024-08-31,Electronics,16295,Expense,Shopping,Debit,
2024-08-31,Electronics,112946,Expense,Shopping,E-Wallet,
2024-08-30,Electronic Savings,292703,Expense,Savings,Debit,
2024-08-29,Electronics,391379,Expense,Shopping,E-Wallet,
2024-08-29,Cinema,111376,Expense,Entertainment,Credit,
2024-08-25,Pizza,163077,Expense,Food,E-Wallet,
2024-08-22,Bus,447602,Expense,Transport,Cash,
2024-08-21,Electronic Savings,164782,Expense,Savings,Credit,
2024-08-21,Clothes,176926,Expense,Shopping,E-Wallet,
2024-08-20,Disneyland,298107,Expense,Entertainment,Debit,
2024-08-19,Bus,97796,Expense,Transport,Debit,
2024-08-18,Cinema,138128,Expense,Entertainment,E-Wallet,
2024-08-17,Miscellaneous,272093,Expense,Others,E-Wallet,
2024-08-17,Miscellaneous,15237,Expense,Others,E-Wallet,
2024-08-17,Miscellaneous,222802,Expense,Others,Debit,
2024-08-17,Cinema,206489,Expense,Entertainment,Debit,
2024-08-13,Clothes,25524,Expense,Shopping,Cash,
2024-08-13,Clothes,465102,Expense,Shopping,Debit,
2024-08-12,Electronic Savings,158554,Expense,Savings,E-Wallet,
2024-08-09,Disneyland,401192,Expense,Entertainment,Debit,
2024-08-09,Clothes,81315,Expense,Shopping,Credit,
2024-08-09,Tacos,408456,Expense,Food,Debit,
2024-08-05,Electronic Savings,353194,Expense,Savings,Cash,
2024-08-02,Train,147084,Expense,Transport,E-Wallet,
2024-08-01,Monthly Paycheck,7000000,Income,Salary,Debit,
2024-07-31,Electronic Savings,470134,Expense,Savings,E-Wallet,
2024-07-29,Fried Chicken,36806,Expense,Food,Cash,
2024-07-27,Electronic Savings,494848,Expense,Savings,E-Wallet,
2024-07-27,Electronic Savings,478974,Expense,Savings,Cash,
2024-07-27,Clothes,336237,Expense,Shopping,Cash,
2024-07-26,Miscellaneous,145450,Expense,Others,E-Wallet,
2024-07-25,Miscellaneous,462145,Expense,Others,Cash,
2024-07-25,Fried Chicken,294260,Expense,Food,Cash,
2024-07-24,Fried Chicken,458893,Expense,Food,Credit,
2024-07-23,Clothes,89767,Expense,Shopping,Debit,
2024-07-22,Disneyland,164626,Expense,Entertainment,E-Wallet,
2024-07-22,Tacos,451048,Expense,Food,E-Wallet,
2024-07-20,Tacos,135150,Expense,Food,E-Wallet,
2024-07-20,Cinema,360808,Expense,Entertainment,Credit,
2024-07-20,Electronic Savings,199407,Expense,Savings,E-Wallet,
2024-07-19,Miscellaneous,397061,Expense,Others,E-Wallet,
2024-07-18,Miscellaneous,301071,Expense,Others,Credit,
2024-07-18,Electronic Savings,194482,Expense,Savings,E-Wallet,
2024-07-17,Disneyland,332202,Expense,Entertainment,Cash,
2024-07-17,Electronics,47131,Expense,Shopping,Cash,
2024-07-16,Electronic Savings,129246,Expense,Savings,E-Wallet,
2024-07-16,Miscellaneous,240156,Expense,Others,Cash,
2024-07-16,Miscellaneous,199648,Expense,Others,Credit,
2024-07-15,Electronic Savings,246094,Expense,Savings,Debit,
2024-07-14,Electronic Savings,483570,Expense,Savings,Credit,
2024-07-13,Miscellaneous,471079,Expense,Others,Cash,
2024-07-12,Electronic Savings,217609,Expense,Savings,E-Wallet,
2024-07-10,Train,248897,Expense,Transport,Debit,
2024-07-10,Electronics,475298,Expense,Shopping,Debit,
2024-07-09,Pizza,457087,Expense,Food,Credit,
2024-07-09,Clothes,43787,Expense,Shopping,Debit,
2024-07-08,Clothes,461558,Expense,Shopping,Cash,
2024-07-08,Pizza,185021,Expense,Food,Credit,
2024-07-07,Electronic Savings,344402,Expense,Savings,Credit,
2024-07-07,Disneyland,48756,Expense,Entertainment,Cash,
2024-07-05,Disneyland,169034,Expense,Entertainment,Cash,
2024-07-05,Flight Tickets,229861,Expense,Transport,E-Wallet,
2024-07-04,Electronics,317086,Expense,Shopping,Debit,
2024-07-04,Train,401775,Expense,Transport,Cash,
2024-07-03,Electronics,297266,Expense,Shopping,Debit,
2024-07-03,Bonus,3000000,Income,Bonus,Debit,Performance bonus
2024-07-02,Fried Chicken,409371,Expense,Food,E-Wallet,
2024-07-01,Electronics,52229,Expense,Shopping,Cash,
2024-07-01,Monthly Paycheck,7000000,Income,Salary,Debit,
2024-07-01,Clothes,245612,Expense,Shopping,Debit,
2024-06-30,Miscellaneous,458604,Expense,Others,Debit,
2024-06-29,Tacos,445928,Expense,Food,Credit,
2024-06-29,Electronics,83869,Expense,Shopping,Credit,
2024-06-28,Pizza,445323,Expense,Food,Credit,
2024-06-27,Cinema,470514,Expense,Entertainment,E-Wallet,
2024-06-27,Cinema,131999,Expense,Entertainment,Debit,
2024-06-25,Disneyland,212416,Expense,Entertainment,Cash,
2024-06-24,Electronics,372920,Expense,Shopping,Cash,
2024-06-22,Flight Tickets,375014,Expense,Transport,Credit,
2024-06-22,Cinema,131863,Expense,Entertainment,Debit,
2024-06-20,Electronic Savings,120944,Expense,Savings,E-Wallet,
2024-06-17,Bus,278093,Expense,Transport,Credit,
2024-06-16,Train,233461,Expense,Transport,Cash,
2024-06-14,Electronic Savings,395539,Expense,Savings,Cash,
2024-06-12,Miscellaneous,398043,Expense,Others,E-Wallet,
2024-06-12,Fried Chicken,431669,Expense,Food,Cash,
2024-06-11,Cinema,464137,Expense,Entertainment,Credit,
2024-06-11,Flight Tickets,276569,Expense,Transport,Credit,
2024-06-09,Electronic Savings,300598,Expense,Savings,Cash,
2024-06-09,Clothes,16801,Expense,Shopping,Credit,
2024-06-06,Miscellaneous,490671,Expense,Others,Credit,
2024-06-02,Cinema,193321,Expense,Entertainment,Cash,
2024-06-01,Monthly Paycheck,7000000,Income,Salary,Debit,
2024-05-29,Pizza,89273,Expense,Food,E-Wallet,
2024-05-28,Flight Tickets,37856,Expense,Transport,Debit,
2024-05-28,Electronic Savings,264225,Expense,Savings,Debit,
2024-05-27,Electronic Savings,477281,Expense,Savings,Credit,
2024-05-27,Clothes,424179,Expense,Shopping,Cash,
2024-05-26,Miscellaneous,149789,Expense,Others,Debit,
2024-05-25,Fried Chicken,55740,Expense,Food,E-Wallet,
2024-05-21,Flight Tickets,154528,Expense,Transport,Cash,
2024-05-21,Flight Tickets,497462,Expense,Transport,Debit,
2024-05-21,Cinema,481604,Expense,Entertainment,Credit,
2024-05-21,Miscellaneous,339612,Expense,Others,Credit,
2024-05-20,Pizza,44008,Expense,Food,Cash,
2024-05-18,Electronic Savings,218786,Expense,Savings,E-Wallet,
2024-05-17,Clothes,391245,Expense,Shopping,Cash,
2024-05-17,Tacos,93820,Expense,Food,Credit,
2024-05-16,Electronic Savings,245365,Expense,Savings,Credit,
2024-05-16,Clothes,143623,Expense,Shopping,E-Wallet,
2024-05-16,Electronics,56002,Expense,Shopping,Cash,
2024-05-16,Electronic Savings,496524,Expense,Savings,Debit,
2024-05-14,Electronics,155342,Expense,Shopping,Cash,
2024-05-12,Electronic Savings,231165,Expense,Savings,Credit,
2024-05-11,Electronic Savings,123429,Expense,Savings,Cash,
2024-05-11,Miscellaneous,303481,Expense,Others,Credit,
2024-05-10,Train,212283,Expense,Transport,Debit,
2024-05-08,Miscellaneous,53056,Expense,Others,Debit,
2024-05-07,Bus,71844,Expense,Transport,Debit,
2024-05-07,Miscellaneous,464162,Expense,Others,E-Wallet,
2024-05-05,Disneyland,308871,Expense,Entertainment,Debit,
2024-05-05,Cinema,19596,Expense,Entertainment,E-Wallet,
2024-05-04,Cinema,413832,Expense,Entertainment,Debit,
2024-05-04,Bonus,3000000,Income,Bonus,Debit,Performance bonus
2024-05-03,Electronics,348365,Expense,Shopping,Cash,
2024-05-02,Electronic Savings,84813,Expense,Savings,Cash,
2024-05-02,Electronics,292193,Expense,Shopping,Debit,
2024-05-01,Monthly Paycheck,7000000,Income,Salary,Debit,
2024-05-01,Flight Tickets,232123,Expense,Transport,Cash,
2024-04-30,Cinema,481833,Expense,Entertainment,Cash,
2024-04-30,Disneyland,324242,Expense,Entertainment,E-Wallet,
2024-04-29,Train,398538,Expense,Transport,E-Wallet,
2024-04-28,Miscellaneous,428827,Expense,Others,Debit,
2024-04-28,Miscellaneous,92409,Expense,Others,Cash,
2024-04-27,Electronics,363824,Expense,Shopping,Cash,
2024-04-27,Electronics,410890,Expense,Shopping,Cash,
2024-04-27,Electronic Savings,495278,Expense,Savings,E-Wallet,
2024-04-25,Electronics,85403,Expense,Shopping,Credit,
2024-04-25,Flight Tickets,326363,Expense,Transport,E-Wallet,
2024-04-25,Clothes,77843,Expense,Shopping,Debit,
2024-04-25,Electronic Savings,168280,Expense,Savings,Cash,
2024-04-24,Electronic Savings,287707,Expense,Savings,Cash,
2024-04-23,Disneyland,440267,Expense,Entertainment,Cash,
2024-04-23,Pizza,87794,Expense,Food,Debit,
2024-04-22,Electronic Savings,120198,Expense,Savings,Cash,
2024-04-22,Electronic Savings,329235,Expense,Savings,Debit,
2024-04-21,Electronics,71087,Expense,Shopping,E-Wallet,
2024-04-20,Electronics,29337,Expense,Shopping,Debit,
2024-04-20,Disneyland,309363,Expense,Entertainment,E-Wallet,
2024-04-19,Miscellaneous,194078,Expense,Others,Debit,
2024-04-18,Electronic Savings,382185,Expense,Savings,E-Wallet,
2024-04-17,Miscellaneous,357220,Expense,Others,Cash,
2024-04-17,Disneyland,140299,Expense,Entertainment,Credit,
2024-04-16,Bus,485142,Expense,Transport,E-Wallet,
2024-04-15,Bus,44594,Expense,Transport,Debit,
2024-04-13,Tacos,21046,Expense,Food,E-Wallet,
2024-04-13,Train,115787,Expense,Transport,Debit,
2024-04-13,Fried Chicken,452632,Expense,Food,E-Wallet,
2024-04-10,Cinema,318877,Expense,Entertainment,Credit,
2024-04-10,Train,204555,Expense,Transport,Cash,
2024-04-07,Train,186048,Expense,Transport,Cash,
2024-04-06,Miscellaneous,425763,Expense,Others,Credit,
2024-04-05,Electronic Savings,170775,Expense,Savings,Debit,
2024-04-05,Clothes,29008,Expense,Shopping,Credit,
2024-04-05,Pizza,394092,Expense,Food,Cash,
2024-04-04,Flight Tickets,208784,Expense,Transport,E-Wallet,
2024-04-04,Electronic Savings,387503,Expense,Savings,Debit,
2024-04-02,Cinema,91889,Expense,Entertainment,E-Wallet,
2024-04-02,Tacos,79561,Expense,Food,Credit,
2024-04-01,Tacos,474051,Expense,Food,Debit,
2024-04-01,Monthly Paycheck,7000000,Income,Salary,Debit,
2024-03-31,Miscellaneous,435695,Expense,Others,Cash,
2024-03-31,Clothes,312066,Expense,Shopping,Cash,
2024-03-30,Train,376036,Expense,Transport,Cash,
2024-03-30,Electronic Savings,126421,Expense,Savings,Debit,
2024-03-30,Disneyland,464179,Expense,Entertainment,Cash,
2024-03-29,Tacos,186118,Expense,Food,Credit,
2024-03-29,Fried Chicken,349375,Expense,Food,Cash,
2024-03-29,Electronic Savings,482367,Expense,Savings,E-Wallet,
2024-03-28,Train,172993,Expense,Transport,E-Wallet,
2024-03-27,Disneyland,14986,Expense,Entertainment,Credit,
2024-03-25,Train,126506,Expense,Transport,Debit,
2024-03-25,Electronics,113481,Expense,Shopping,Credit,
2024-03-24,Tacos,351003,Expense,Food,Debit,
2024-03-24,Electronic Savings,243841,Expense,Savings,E-Wallet,
2024-03-22,Miscellaneous,273972,Expense,Others,Debit,
2024-03-21,Miscellaneous,173187,Expense,Others,Credit,
2024-03-18,Fried Chicken,256860,Expense,Food,Cash,
2024-03-18,Flight Tickets,232084,Expense,Transport,Cash,
2024-03-18,Cinema,242654,Expense,Entertainment,E-Wallet,
2024-03-17,Flight Tickets,373265,Expense,Transport,Cash,
2024-03-16,Electronic Savings,126923,Expense,Savings,E-Wallet,
2024-03-14,Disneyland,212747,Expense,Entertainment,Cash,
2024-03-14,Miscellaneous,397952,Expense,Others,Debit,
2024-03-14,Electronics,237595,Expense,Shopping,Cash,
2024-03-13,Fried Chicken,123499,Expense,Food,Cash,
2024-03-12,Bus,96365,Expense,Transport,Credit,
2024-03-11,Pizza,108806,Expense,Food,Credit,
2024-03-10,Disneyland,404070,Expense,Entertainment,Cash,
2024-03-09,Electronics,476872,Expense,Shopping,Cash,
2024-03-08,Clothes,211579,Expense,Shopping,Credit,
2024-03-08,Bus,333654,Expense,Transport,Cash,
2024-03-07,Electronics,410826,Expense,Shopping,Credit,
2024-03-07,Train,214720,Expense,Transport,E-Wallet,
2024-03-06,Flight Tickets,366992,Expense,Transport,E-Wallet,
2024-03-05,Electronic Savings,288495,Expense,Savings,E-Wallet,
2024-03-05,Pizza,327898,Expense,Food,Credit,
2024-03-01,Monthly Paycheck,7000000,Income,Salary,Debit,
2024-03-01,Cinema,65016,Expense,Entertainment,Credit,
2024-03-01,Cinema,324286,Expense,Entertainment,E-Wallet,
2024-02-29,Flight Tickets,366374,Expense,Transport,Cash,
2024-02-29,Train,241390,Expense,Transport,Debit,
2024-02-29,Electronics,227215,Expense,Shopping,E-Wallet,
2024-02-27,Tacos,10717,Expense,Food,Cash,
2024-02-26,Train,114131,Expense,Transport,Debit,
2024-02-25,Clothes,42711,Expense,Shopping,E-Wallet,
2024-02-25,Disneyland,124586,Expense,Entertainment,Cash,
2024-02-23,Miscellaneous,28070,Expense,Others,Debit,
2024-02-22,Pizza,13191,Expense,Food,Cash,
2024-02-21,Disneyland,293367,Expense,Entertainment,Credit,
2024-02-21,Disneyland,197210,Expense,Entertainment,Debit,
2024-02-20,Clothes,389039,Expense,Shopping,Credit,
2024-02-18,Electronic Savings,224764,Expense,Savings,Debit,
2024-02-17,Electronics,443934,Expense,Shopping,Credit,
2024-02-17,Clothes,44707,Expense,Shopping,Debit,
2024-02-16,Clothes,78431,Expense,Shopping,Debit,
2024-02-13,Clothes,379128,Expense,Shopping,Cash,
2024-02-13,Clothes,205623,Expense,Shopping,Cash,
2024-02-12,Fried Chicken,347054,Expense,Food,E-Wallet,
2024-02-12,Clothes,294944,Expense,Shopping,Cash,
2024-02-11,Electronic Savings,166140,Expense,Savings,E-Wallet,
2024-02-09,Miscellaneous,135736,Expense,Others,Debit,
2024-02-08,Clothes,282944,Expense,Shopping,E-Wallet,
2024-02-07,Miscellaneous,259880,Expense,Others,Cash,
2024-02-07,Bus,43870,Expense,Transport,E-Wallet,
2024-02-07,Electronic Savings,354138,Expense,Savings,Debit,
2024-02-05,Bus,499709,Expense,Transport,Debit,
2024-02-02,Miscellaneous,155639,Expense,Others,Cash,
2024-02-02,Pizza,149999,Expense,Food,Cash,
2024-02-01,Monthly Paycheck,7000000,Income,Salary,Debit,
2024-01-29,Electronic Savings,456790,Expense,Savings,Cash,
2024-01-29,Electronic Savings,224057,Expense,Savings,Cash,
2024-01-26,Train,151877,Expense,Transport,E-Wallet,
2024-01-26,Electronic Savings,203021,Expense,Savings,Credit,
2024-01-26,Miscellaneous,311265,Expense,Others,Debit,
2024-01-24,Pizza,256183,Expense,Food,E-Wallet,
2024-01-24,Train,453242,Expense,Transport,Cash,
2024-01-24,Clothes,157265,Expense,Shopping,Debit,
2024-01-21,Train,463809,Expense,Transport,E-Wallet,
2024-01-21,Clothes,139312,Expense,Shopping,Credit,
2024-01-20,Miscellaneous,498533,Expense,Others,E-Wallet,
2024-01-19,Electronics,357697,Expense,Shopping,E-Wallet,
2024-01-17,Disneyland,322213,Expense,Entertainment,Credit,
2024-01-17,Miscellaneous,479378,Expense,Others,Debit,
2024-01-17,Tacos,429139,Expense,Food,Debit,
2024-01-16,Fried Chicken,223945,Expense,Food,E-Wallet,
2024-01-16,Miscellaneous,40651,Expense,Others,Credit,
2024-01-13,Pizza,361575,Expense,Food,E-Wallet,
2024-01-12,Fried Chicken,137834,Expense,Food,Cash,
2024-01-12,Disneyland,241318,Expense,Entertainment,E-Wallet,
2024-01-07,Miscellaneous,449787,Expense,Others,Debit,
2024-01-07,Electronics,490703,Expense,Shopping,E-Wallet,
2024-01-06,Bus,445773,Expense,Transport,Cash,
2024-01-06,Clothes,331638,Expense,Shopping,Debit,
2024-01-06,Train,448566,Expense,Transport,Debit,
2024-01-04,Bonus,3000000,Income,Bonus,Debit,Performance bonus
2024-01-04,Electronic Savings,351383,Expense,Savings,Debit,
2024-01-03,Miscellaneous,191372,Expense,Others,Debit,
2024-01-03,Cinema,249690,Expense,Entertainment,Debit,
2024-01-01,Monthly Paycheck,7000000,Income,Salary,Debit,
2023-12-30,Pizza,433093,Expense,Food,Debit,
2023-12-29,Disneyland,423198,Expense,Entertainment,Debit,
2023-12-28,Electronic Savings,99780,Expense,Savings,Debit,
2023-12-25,Miscellaneous,306292,Expense,Others,Cash,
2023-12-25,Flight Tickets,455101,Expense,Transport,E-Wallet,
2023-12-23,Cinema,400727,Expense,Entertainment,E-Wallet,
2023-12-20,Pizza,445165,Expense,Food,Credit,
2023-12-18,Tacos,298793,Expense,Food,E-Wallet,
2023-12-18,Fried Chicken,308225,Expense,Food,Debit,
2023-12-18,Cinema,56220,Expense,Entertainment,E-Wallet,
2023-12-18,Clothes,221830,Expense,Shopping,Debit,
2023-12-17,Miscellaneous,206749,Expense,Others,E-Wallet,
2023-12-13,Electronic Savings,326397,Expense,Savings,E-Wallet,
2023-12-13,Electronic Savings,205113,Expense,Savings,Cash,
2023-12-13,Disneyland,357589,Expense,Entertainment,E-Wallet,
2023-12-12,Miscellaneous,453893,Expense,Others,E-Wallet,
2023-12-12,Miscellaneous,205691,Expense,Others,Credit,
2023-12-12,Train,269931,Expense,Transport,Debit,
2023-12-06,Miscellaneous,233861,Expense,Others,Cash,
2023-12-05,Miscellaneous,301574,Expense,Others,Cash,
2023-12-05,Tacos,154302,Expense,Food,Debit,
2023-12-03,Tacos,352829,Expense,Food,Credit,
2023-12-03,Electronic Savings,363827,Expense,Savings,Debit,
2023-12-01,Clothes,472115,Expense,Shopping,Cash,
2023-12-01,Bus,143241,Expense,Transport,Cash,
2023-12-01,Train,23428,Expense,Transport,Credit,
2023-12-01,Monthly Paycheck,7000000,Income,Salary,Debit,
2023-11-30,Electronic Savings,433914,Expense,Savings,E-Wallet,
2023-11-30,Cinema,334767,Expense,Entertainment,Credit,
2023-11-29,Cinema,137016,Expense,Entertainment,E-Wallet,
2023-11-27,Electronics,39592,Expense,Shopping,E-Wallet,
2023-11-26,Clothes,419805,Expense,Shopping,Cash,
2023-11-26,Cinema,401099,Expense,Entertainment,E-Wallet,
2023-11-25,Train,256353,Expense,Transport,Credit,
2023-11-23,Miscellaneous,12763,Expense,Others,Credit,
2023-11-22,Cinema,277986,Expense,Entertainment,E-Wallet,
2023-11-21,Electronic Savings,436618,Expense,Savings,Debit,
2023-11-21,Disneyland,386369,Expense,Entertainment,Cash,
2023-11-19,Electronic Savings,357022,Expense,Savings,Cash,
2023-11-16,Fried Chicken,270550,Expense,Food,Cash,
2023-11-15,Electronics,58868,Expense,Shopping,E-Wallet,
2023-11-15,Miscellaneous,190225,Expense,Others,Credit,
2023-11-14,Disneyland,258710,Expense,Entertainment,Cash,
2023-11-12,Tacos,64040,Expense,Food,Debit,
2023-11-10,Bus,371752,Expense,Transport,Credit,
2023-11-10,Tacos,146330,Expense,Food,Credit,
2023-11-10,Miscellaneous,337599,Expense,Others,Cash,
2023-11-09,Cinema,234490,Expense,Entertainment,E-Wallet,
2023-11-09,Cinema,362912,Expense,Entertainment,Cash,
2023-11-09,Train,431486,Expense,Transport,E-Wallet,
2023-11-08,Miscellaneous,399570,Expense,Others,Debit,
2023-11-07,Electronics,335352,Expense,Shopping,Cash,
2023-11-06,Electronics,184944,Expense,Shopping,Debit,
2023-11-06,Miscellaneous,256958,Expense,Others,Debit,
2023-11-04,Miscellaneous,356130,Expense,Others,Credit,
2023-11-03,Bonus,3000000,Income,Bonus,Debit,Performance bonus
2023-11-03,Pizza,361853,Expense,Food,Debit,
2023-11-03,Tacos,33236,Expense,Food,E-Wallet,
2023-11-02,Miscellaneous,147023,Expense,Others,Cash,
2023-11-01,Miscellaneous,80031,Expense,Others,Debit,
2023-11-01,Monthly Paycheck,7000000,Income,Salary,Debit,
2023-11-01,Electronics,279496,Expense,Shopping,Cash,
2023-10-31,Pizza,280160,Expense,Food,Cash,
2023-10-30,Tacos,143272,Expense,Food,Cash,
2023-10-29,Miscellaneous,419379,Expense,Others,Cash,
2023-10-29,Miscellaneous,165242,Expense,Others,Cash,
2023-10-27,Electronic Savings,491546,Expense,Savings,Cash,
2023-10-26,Electronics,128533,Expense,Shopping,Cash,
2023-10-25,Electronic Savings,350146,Expense,Savings,E-Wallet,
2023-10-24,Miscellaneous,285378,Expense,Others,Debit,
2023-10-24,Miscellaneous,38884,Expense,Others,Debit,
2023-10-23,Train,399940,Expense,Transport,E-Wallet,
2023-10-23,Miscellaneous,482791,Expense,Others,Cash,
2023-10-22,Pizza,350896,Expense,Food,Cash,
2023-10-21,Miscellaneous,136498,Expense,Others,Credit,
2023-10-21,Electronics,436149,Expense,Shopping,Credit,
2023-10-20,Electronic Savings,10336,Expense,Savings,Debit,
2023-10-20,Tacos,443478,Expense,Food,Cash,
2023-10-19,Flight Tickets,37350,Expense,Transport,Cash,
2023-10-19,Miscellaneous,114135,Expense,Others,Cash,
2023-10-19,Bus,433602,Expense,Transport,Cash,
2023-10-19,Cinema,169210,Expense,Entertainment,Debit,
2023-10-17,Cinema,156389,Expense,Entertainment,Cash,
2023-10-16,Clothes,237189,Expense,Shopping,E-Wallet,
2023-10-14,Disneyland,248009,Expense,Entertainment,Cash,
2023-10-14,Electronics,491201,Expense,Shopping,Credit,
2023-10-14,Disneyland,276258,Expense,Entertainment,Debit,
2023-10-13,Electronic Savings,26052,Expense,Savings,Debit,
2023-10-12,Miscellaneous,474184,Expense,Others,Cash,
2023-10-11,Pizza,42430,Expense,Food,E-Wallet,
2023-10-10,Tacos,174437,Expense,Food,Credit,
2023-10-09,Electronic Savings,431151,Expense,Savings,Debit,
2023-10-09,Flight Tickets,410479,Expense,Transport,Credit,
2023-10-09,Tacos,372833,Expense,Food,E-Wallet,
2023-10-08,Miscellaneous,326480,Expense,Others,E-Wallet,
2023-10-08,Electronics,327563,Expense,Shopping,Debit,
2023-10-08,Electronic Savings,124548,Expense,Savings,Cash,
2023-10-05,Electronic Savings,208286,Expense,Savings,Credit,
2023-10-05,Clothes,20651,Expense,Shopping,E-Wallet,
2023-10-05,Disneyland,11062,Expense,Entertainment,Cash,
2023-10-05,Electronic Savings,410455,Expense,Savings,Credit,
2023-10-03,Disneyland,498096,Expense,Entertainment,Credit,
2023-10-03,Electronic Savings,68478,Expense,Savings,Debit,
2023-10-02,Electronic Savings,246513,Expense,Savings,E-Wallet,
2023-10-01,Bonus,3000000,Income,Bonus,Debit,Performance bonus
2023-10-01,Monthly Paycheck,7000000,Income,Salary,Debit,
2023-09-28,Cinema,466285,Expense,Entertainment,Cash,
2023-09-28,Electronics,61356,Expense,Shopping,Debit,
2023-09-27,Pizza,72021,Expense,Food,Debit,
2023-09-26,Electronic Savings,101088,Expense,Savings,E-Wallet,
2023-09-21,Bus,334512,Expense,Transport,E-Wallet,
2023-09-21,Electronic Savings,17415,Expense,Savings,E-Wallet,
2023-09-21,Disneyland,248083,Expense,Entertainment,Debit,
2023-09-17,Miscellaneous,39257,Expense,Others,Cash,
2023-09-17,Electronic Savings,40111,Expense,Savings,E-Wallet,
2023-09-16,Tacos,267594,Expense,Food,Debit,
2023-09-15,Tacos,430446,Expense,Food,Cash,
2023-09-14,Electronic Savings,364050,Expense,Savings,E-Wallet,
2023-09-14,Cinema,141184,Expense,Entertainment,E-Wallet,
2023-09-12,Bus,420591,Expense,Transport,E-Wallet,
2023-09-11,Disneyland,92844,Expense,Entertainment,Cash,
2023-09-10,Cinema,393894,Expense,Entertainment,Credit,
2023-09-10,Tacos,108696,Expense,Food,Credit,
2023-09-07,Miscellaneous,438032,Expense,Others,Credit,
2023-09-07,Clothes,170866,Expense,Shopping,Cash,
2023-09-06,Cinema,279150,Expense,Entertainment,E-Wallet,
2023-09-05,Electronic Savings,432117,Expense,Savings,Debit,
2023-09-03,Miscellaneous,205877,Expense,Others,Debit,
2023-09-03,Miscellaneous,175129,Expense,Others,E-Wallet,
2023-09-02,Cinema,101649,Expense,Entertainment,E-Wallet,
2023-09-01,Monthly Paycheck,7000000,Income,Salary,Debit,
2023-08-31,Clothes,265948,Expense,Shopping,Debit,
2023-08-31,Train,427009,Expense,Transport,Credit,
2023-08-31,Electronic Savings,444821,Expense,Savings,E-Wallet,
2023-08-30,Fried Chicken,46187,Expense,Food,Credit,
2023-08-30,Electronic Savings,445207,Expense,Savings,Cash,
2023-08-30,Clothes,48067,Expense,Shopping,Debit,
2023-08-27,Miscellaneous,240008,Expense,Others,Credit,
2023-08-26,Pizza,205161,Expense,Food,Credit,
2023-08-24,Electronic Savings,346199,Expense,Savings,Debit,
2023-08-24,Electronic Savings,252700,Expense,Savings,Credit,
2023-08-24,Clothes,211260,Expense,Shopping,E-Wallet,
2023-08-23,Pizza,26364,Expense,Food,E-Wallet,
2023-08-23,Disneyland,324877,Expense,Entertainment,Credit,
2023-08-22,Miscellaneous,228008,Expense,Others,Debit,
2023-08-17,Tacos,414372,Expense,Food,Cash,
2023-08-16,Electronic Savings,79286,Expense,Savings,Debit,
2023-08-16,Electronics,461282,Expense,Shopping,Debit,
2023-08-15,Tacos,213834,Expense,Food,Credit,
2023-08-13,Miscellaneous,462875,Expense,Others,Credit,
2023-08-12,Miscellaneous,343299,Expense,Others,Cash,
2023-08-10,Electronic Savings,100397,Expense,Savings,E-Wallet,
2023-08-06,Fried Chicken,452939,Expense,Food,E-Wallet,
2023-08-06,Tacos,228800,Expense,Food,E-Wallet,
2023-08-05,Miscellaneous,186469,Expense,Others,Debit,
2023-08-04,Bonus,3000000,Income,Bonus,Debit,Performance bonus
2023-08-03,Flight Tickets,445684,Expense,Transport,E-Wallet,
2023-08-03,Tacos,112974,Expense,Food,Credit,
2023-08-03,Miscellaneous,253896,Expense,Others,Debit,
2023-08-02,Pizza,487742,Expense,Food,E-Wallet,
2023-08-02,Electronic Savings,76912,Expense,Savings,E-Wallet,
2023-08-01,Clothes,493702,Expense,Shopping,Cash,
2023-08-01,Miscellaneous,389862,Expense,Others,Cash,
2023-08-01,Pizza,163484,Expense,Food,Credit,
2023-08-01,Monthly Paycheck,7000000,Income,Salary,Debit,
2023-07-31,Cinema,295855,Expense,Entertainment,Credit,
2023-07-31,Train,429901,Expense,Transport,Cash,
2023-07-28,Bus,216548,Expense,Transport,Cash,
2023-07-26,Tacos,324069,Expense,Food,Cash,
2023-07-26,Miscellaneous,469850,Expense,Others,Credit,
2023-07-25,Miscellaneous,146998,Expense,Others,E-Wallet,
2023-07-25,Cinema,70692,Expense,Entertainment,Cash,
2023-07-24,Clothes,280472,Expense,Shopping,Credit,
2023-07-22,Clothes,162360,Expense,Shopping,E-Wallet,
2023-07-20,Electronics,217888,Expense,Shopping,Cash,
2023-07-19,Clothes,154063,Expense,Shopping,Cash,
2023-07-19,Clothes,473183,Expense,Shopping,Credit,
2023-07-18,Flight Tickets,277039,Expense,Transport,Cash,
2023-07-16,Electronic Savings,261671,Expense,Savings,Debit,
2023-07-16,Cinema,368182,Expense,Entertainment,Cash,
2023-07-14,Miscellaneous,49711,Expense,Others,Credit,
2023-07-13,Clothes,353615,Expense,Shopping,Debit,
2023-07-13,Tacos,181890,Expense,Food,Debit,
2023-07-13,Cinema,455485,Expense,Entertainment,E-Wallet,
2023-07-12,Cinema,107539,Expense,Entertainment,E-Wallet,
2023-07-11,Tacos,309058,Expense,Food,Credit,
2023-07-10,Clothes,403422,Expense,Shopping,Credit,
2023-07-10,Miscellaneous,44228,Expense,Others,Cash,
2023-07-09,Tacos,209950,Expense,Food,Credit,
2023-07-09,Electronics,91554,Expense,Shopping,Credit,
2023-07-09,Tacos,166498,Expense,Food,Cash,
2023-07-09,Clothes,188352,Expense,Shopping,E-Wallet,
2023-07-08,Cinema,436788,Expense,Entertainment,Debit,
2023-07-08,Tacos,359652,Expense,Food,E-Wallet,
2023-07-08,Electronic Savings,476152,Expense,Savings,Credit,
2023-07-07,Electronic Savings,130575,Expense,Savings,Credit,
2023-07-05,Disneyland,431594,Expense,Entertainment,Cash,
2023-07-05,Electronic Savings,429639,Expense,Savings,E-Wallet,
2023-07-04,Bonus,3000000,Income,Bonus,Debit,Performance bonus
2023-07-03,Miscellaneous,491494,Expense,Others,Credit,
2023-07-02,Flight Tickets,59407,Expense,Transport,Cash,
2023-07-02,Electronic Savings,90811,Expense,Savings,Cash,
2023-07-02,Electronic Savings,386047,Expense,Savings,E-Wallet,
2023-07-01,Fried Chicken,226752,Expense,Food,Credit,
2023-07-01,Monthly Paycheck,7000000,Income,Salary,Debit,
2023-06-29,Miscellaneous,213047,Expense,Others,Debit,
2023-06-29,Miscellaneous,241440,Expense,Others,E-Wallet,
2023-06-28,Flight Tickets,329905,Expense,Transport,Credit,
2023-06-28,Clothes,75794,Expense,Shopping,Credit,
2023-06-28,Miscellaneous,99818,Expense,Others,Cash,
2023-06-27,Electronics,228164,Expense,Shopping,E-Wallet,
2023-06-26,Disneyland,63664,Expense,Entertainment,Cash,
2023-06-25,Disneyland,350851,Expense,Entertainment,Debit,
2023-06-25,Miscellaneous,393363,Expense,Others,Cash,
2023-06-24,Pizza,146535,Expense,Food,Cash,
2023-06-23,Miscellaneous,211207,Expense,Others,Credit,
2023-06-22,Electronic Savings,246584,Expense,Savings,Cash,
2023-06-18,Miscellaneous,175873,Expense,Others,E-Wallet,
2023-06-18,Electronic Savings,368478,Expense,Savings,Debit,
2023-06-18,Clothes,206513,Expense,Shopping,E-Wallet,
2023-06-16,Miscellaneous,474071,Expense,Others,Cash,
2023-06-16,Fried Chicken,411631,Expense,Food,Credit,
2023-06-13,Flight Tickets,383393,Expense,Transport,Debit,
2023-06-12,Bus,488883,Expense,Transport,E-Wallet,
2023-06-11,Electronic Savings,333660,Expense,Savings,Credit,
2023-06-10,Cinema,158702,Expense,Entertainment,E-Wallet,
2023-06-09,Cinema,143498,Expense,Entertainment,Cash,
2023-06-08,Cinema,211139,Expense,Entertainment,Credit,
2023-06-08,Disneyland,400452,Expense,Entertainment,Credit,
2023-06-07,Train,156106,Expense,Transport,E-Wallet,
2023-06-07,Clothes,300446,Expense,Shopping,E-Wallet,
2023-06-06,Train,428554,Expense,Transport,E-Wallet,
2023-06-06,Clothes,199420,Expense,Shopping,Cash,
2023-06-06,Pizza,223277,Expense,Food,Cash,
2023-06-05,Electronics,117237,Expense,Shopping,Debit,
2023-06-05,Electronic Savings,369768,Expense,Savings,Cash,
2023-06-05,Cinema,128033,Expense,Entertainment,Debit,
2023-06-05,Electronics,218434,Expense,Shopping,Debit,
2023-06-04,Fried Chicken,123688,Expense,Food,Debit,
2023-06-04,Pizza,216940,Expense,Food,Cash,
2023-06-02,Pizza,455377,Expense,Food,Credit,
2023-06-01,Monthly Paycheck,7000000,Income,Salary,Debit,
2023-06-01,Cinema,357520,Expense,Entertainment,E-Wallet,
2023-05-31,Bus,69766,Expense,Transport,Debit,
2023-05-30,Fried Chicken,246562,Expense,Food,Credit,
2023-05-30,Train,220677,Expense,Transport,Cash,
2023-05-29,Electronics,63947,Expense,Shopping,Credit,
2023-05-27,Electronic Savings,167608,Expense,Savings,Cash,
2023-05-27,Miscellaneous,325507,Expense,Others,E-Wallet,
2023-05-26,Clothes,486840,Expense,Shopping,Cash,
2023-05-26,Cinema,475757,Expense,Entertainment,Cash,
2023-05-26,Cinema,364195,Expense,Entertainment,Debit,
2023-05-23,Tacos,428034,Expense,Food,Credit,
2023-05-22,Electronics,355740,Expense,Shopping,Cash,
2023-05-21,Disneyland,490661,Expense,Entertainment,E-Wallet,
2023-05-21,Electronics,39301,Expense,Shopping,Cash,
2023-05-21,Miscellaneous,338184,Expense,Others,Credit,
2023-05-20,Pizza,173399,Expense,Food,Credit,
2023-05-19,Miscellaneous,61745,Expense,Others,Cash,
2023-05-16,Miscellaneous,222781,Expense,Others,Debit,
2023-05-15,Cinema,216524,Expense,Entertainment,E-Wallet,
2023-05-15,Electronic Savings,61226,Expense,Savings,Cash,
2023-05-15,Miscellaneous,408465,Expense,Others,Credit,
2023-05-14,Flight Tickets,188936,Expense,Transport,Cash,
2023-05-13,Cinema,419115,Expense,Entertainment,E-Wallet,
2023-05-13,Cinema,449439,Expense,Entertainment,Debit,
2023-05-12,Electronics,128696,Expense,Shopping,Cash,
2023-05-12,Electronic Savings,21344,Expense,Savings,Credit,
2023-05-12,Pizza,81196,Expense,Food,Credit,
2023-05-11,Miscellaneous,398590,Expense,Others,Credit,
2023-05-10,Bus,200471,Expense,Transport,Cash,
2023-05-09,Miscellaneous,477181,Expense,Others,Cash,
2023-05-09,Tacos,298107,Expense,Food,Credit,
2023-05-07,Bus,188686,Expense,Transport,Cash,
2023-05-06,Electronic Savings,362245,Expense,Savings,Credit,
2023-05-05,Miscellaneous,120155,Expense,Others,Debit,
2023-05-05,Flight Tickets,160158,Expense,Transport,Cash,
2023-05-04,Train,330815,Expense,Transport,Credit,
2023-05-04,Fried Chicken,227980,Expense,Food,E-Wallet,
2023-05-04,Electronic Savings,238634,Expense,Savings,E-Wallet,
2023-05-04,Electronic Savings,57153,Expense,Savings,Credit,
2023-05-02,Disneyland,93300,Expense,Entertainment,Debit,
2023-05-01,Monthly Paycheck,7000000,Income,Salary,Debit,
2023-05-01,Train,233131,Expense,Transport,Cash,
2023-05-01,Electronics,207742,Expense,Shopping,Credit,
2023-04-29,Disneyland,488356,Expense,Entertainment,E-Wallet,
2023-04-27,Electronic Savings,255900,Expense,Savings,Debit,
2023-04-27,Fried Chicken,73232,Expense,Food,Debit,
2023-04-26,Clothes,253381,Expense,Shopping,Debit,
2023-04-25,Train,187164,Expense,Transport,E-Wallet,
2023-04-24,Electronic Savings,118872,Expense,Savings,Cash,
2023-04-23,Miscellaneous,272420,Expense,Others,E-Wallet,
2023-04-21,Disneyland,315073,Expense,Entertainment,Debit,
2023-04-20,Pizza,419849,Expense,Food,Debit,
2023-04-20,Clothes,405141,Expense,Shopping,Cash,
2023-04-18,Electronic Savings,122581,Expense,Savings,Cash,
2023-04-18,Clothes,489336,Expense,Shopping,Cash,
2023-04-17,Train,41024,Expense,Transport,E-Wallet,
2023-04-17,Electronic Savings,269153,Expense,Savings,Cash,
2023-04-17,Pizza,134116,Expense,Food,Cash,
2023-04-16,Fried Chicken,285194,Expense,Food,Cash,
2023-04-15,Tacos,255378,Expense,Food,E-Wallet,
2023-04-14,Miscellaneous,133765,Expense,Others,Debit,
2023-04-14,Flight Tickets,98009,Expense,Transport,Debit,
2023-04-14,Miscellaneous,355506,Expense,Others,Debit,
2023-04-11,Fried Chicken,269438,Expense,Food,Cash,
2023-04-11,Tacos,204472,Expense,Food,Credit,
2023-04-09,Miscellaneous,438733,Expense,Others,Cash,
2023-04-08,Clothes,171081,Expense,Shopping,Cash,
2023-04-08,Electronic Savings,348593,Expense,Savings,Cash,
2023-04-08,Tacos,470494,Expense,Food,Debit,
2023-04-06,Tacos,183895,Expense,Food,Cash,
2023-04-05,Clothes,86865,Expense,Shopping,Cash,
2023-04-05,Miscellaneous,354710,Expense,Others,Credit,
2023-04-02,Flight Tickets,345932,Expense,Transport,Debit,
2023-04-02,Bonus,3000000,Income,Bonus,Debit,Performance bonus
2023-04-01,Monthly Paycheck,7000000,Income,Salary,Debit,
2023-03-29,Pizza,363973,Expense,Food,Cash,
2023-03-29,Bus,463677,Expense,Transport,Credit,
2023-03-28,Tacos,72551,Expense,Food,Debit,
2023-03-27,Electronic Savings,186037,Expense,Savings,Cash,
2023-03-25,Disneyland,335593,Expense,Entertainment,Credit,
2023-03-23,Miscellaneous,379360,Expense,Others,Debit,
2023-03-23,Miscellaneous,339923,Expense,Others,Debit,
2023-03-23,Pizza,148593,Expense,Food,E-Wallet,
2023-03-22,Clothes,455329,Expense,Shopping,Credit,
2023-03-21,Tacos,272351,Expense,Food,Debit,
2023-03-21,Train,439404,Expense,Transport,Debit,
2023-03-21,Electronics,54738,Expense,Shopping,Debit,
2023-03-19,Disneyland,494090,Expense,Entertainment,Credit,
2023-03-18,Cinema,189526,Expense,Entertainment,Debit,
2023-03-18,Pizza,365323,Expense,Food,Cash,
2023-03-18,Pizza,183123,Expense,Food,Credit,
2023-03-17,Flight Tickets,494814,Expense,Transport,Credit,
2023-03-14,Electronic Savings,368896,Expense,Savings,Debit,
2023-03-13,Tacos,424568,Expense,Food,Debit,
2023-03-13,Electronic Savings,420180,Expense,Savings,Credit,
2023-03-12,Pizza,179530,Expense,Food,Debit,
2023-03-11,Electronic Savings,136270,Expense,Savings,Debit,
2023-03-11,Miscellaneous,158586,Expense,Others,Debit,
2023-03-10,Electronic Savings,176129,Expense,Savings,E-Wallet,
2023-03-06,Cinema,297995,Expense,Entertainment,E-Wallet,
2023-03-04,Bus,392729,Expense,Transport,E-Wallet,
2023-03-04,Train,44518,Expense,Transport,Debit,
2023-03-04,Miscellaneous,398227,Expense,Others,E-Wallet,
2023-03-02,Clothes,175696,Expense,Shopping,Credit,
2023-03-01,Monthly Paycheck,7000000,Income,Salary,Debit,
2023-03-01,Miscellaneous,454943,Expense,Others,E-Wallet,
2023-02-28,Fried Chicken,346664,Expense,Food,Cash,
2023-02-27,Disneyland,105665,Expense,Entertainment,Debit,
2023-02-25,Electronic Savings,267681,Expense,Savings,Credit,
2023-02-25,Disneyland,368745,Expense,Entertainment,E-Wallet,
2023-02-24,Clothes,125598,Expense,Shopping,Cash,
2023-02-23,Disneyland,298345,Expense,Entertainment,E-Wallet,
2023-02-16,Electronic Savings,198221,Expense,Savings,Cash,
2023-02-16,Pizza,325018,Expense,Food,E-Wallet,
2023-02-15,Electronic Savings,335488,Expense,Savings,Credit,
2023-02-12,Miscellaneous,178270,Expense,Others,Cash,
2023-02-11,Miscellaneous,460016,Expense,Others,E-Wallet,
2023-02-10,Miscellaneous,217793,Expense,Others,Debit,
2023-02-09,Clothes,281896,Expense,Shopping,Credit,
2023-02-09,Electronics,77215,Expense,Shopping,Credit,
2023-02-08,Electronic Savings,54789,Expense,Savings,Credit,
2023-02-08,Electronic Savings,15801,Expense,Savings,Credit,
2023-02-08,Miscellaneous,214366,Expense,Others,Cash,
2023-02-07,Clothes,313664,Expense,Shopping,E-Wallet,
2023-02-07,Electronic Savings,217772,Expense,Savings,Credit,
2023-02-06,Flight Tickets,371008,Expense,Transport,Debit,
2023-02-04,Clothes,319550,Expense,Shopping,E-Wallet,
2023-02-01,Monthly Paycheck,7000000,Income,Salary,Debit,
2023-02-01,Miscellaneous,422478,Expense,Others,E-Wallet,
2023-02-01,Electronics,284370,Expense,Shopping,Debit,
2023-01-31,Electronics,357247,Expense,Shopping,E-Wallet,
2023-01-29,Electronics,461157,Expense,Shopping,Debit,
2023-01-28,Clothes,476232,Expense,Shopping,Cash,
2023-01-28,Flight Tickets,361181,Expense,Transport,Debit,
2023-01-28,Fried Chicken,33387,Expense,Food,Cash,
2023-01-28,Electronic Savings,301940,Expense,Savings,Cash,
2023-01-25,Electronic Savings,263211,Expense,Savings,Credit,
2023-01-24,Bus,193323,Expense,Transport,Credit,
2023-01-23,Electronic Savings,215362,Expense,Savings,Debit,
2023-01-21,Electronic Savings,212967,Expense,Savings,E-Wallet,
2023-01-21,Miscellaneous,220977,Expense,Others,Credit,
2023-01-20,Clothes,164455,Expense,Shopping,Cash,
2023-01-20,Flight Tickets,200246,Expense,Transport,E-Wallet,
2023-01-20,Cinema,477835,Expense,Entertainment,Credit,
2023-01-19,Fried Chicken,486072,Expense,Food,Cash,
2023-01-14,Tacos,235391,Expense,Food,Credit,
2023-01-12,Clothes,486513,Expense,Shopping,E-Wallet,
2023-01-11,Bus,366902,Expense,Transport,E-Wallet,
2023-01-11,Miscellaneous,114092,Expense,Others,Debit,
2023-01-11,Electronic Savings,345463,Expense,Savings,Debit,
2023-01-10,Flight Tickets,358349,Expense,Transport,Credit,
2023-01-09,Electronics,17906,Expense,Shopping,Debit,
2023-01-09,Miscellaneous,85451,Expense,Others,Cash,
2023-01-09,Electronics,29623,Expense,Shopping,E-Wallet,
2023-01-07,Fried Chicken,167584,Expense,Food,Cash,
2023-01-05,Electronics,48578,Expense,Shopping,Debit,
2023-01-04,Miscellaneous,453031,Expense,Others,Cash,
2023-01-04,Disneyland,132232,Expense,Entertainment,Credit,
2023-01-03,Train,440783,Expense,Transport,Credit,
2023-01-02,Miscellaneous,387869,Expense,Others,Cash,
2023-01-01,Train,360373,Expense,Transport,Debit,
2023-01-01,Electronics,293707,Expense,Shopping,Debit,
2023-01-01,Monthly Paycheck,7000000,Income,Salary,Debit,
2023-01-01,Disneyland,169033,Expense,Entertainment,Debit,
2022-12-31,Disneyland,338821,Expense,Entertainment,E-Wallet,
2022-12-31,Electronics,185458,Expense,Shopping,Credit,
2022-12-29,Miscellaneous,261435,Expense,Others,Cash,
2022-12-27,Cinema,269747,Expense,Entertainment,Credit,
2022-12-26,Miscellaneous,109299,Expense,Others,Debit,
2022-12-26,Cinema,370089,Expense,Entertainment,Cash,
2022-12-25,Tacos,348113,Expense,Food,Credit,
2022-12-25,Train,142596,Expense,Transport,Cash,
2022-12-25,Disneyland,324400,Expense,Entertainment,E-Wallet,
2022-12-23,Clothes,92879,Expense,Shopping,E-Wallet,
2022-12-22,Cinema,251060,Expense,Entertainment,Cash,
2022-12-22,Bus,189017,Expense,Transport,Cash,
2022-12-20,Bus,40682,Expense,Transport,Credit,
2022-12-19,Disneyland,49758,Expense,Entertainment,Cash,
2022-12-18,Miscellaneous,164470,Expense,Others,Debit,
2022-12-18,Tacos,59847,Expense,Food,Debit,
2022-12-18,Electronics,254761,Expense,Shopping,Credit,
2022-12-17,Electronic Savings,311338,Expense,Savings,E-Wallet,
2022-12-17,Disneyland,413157,Expense,Entertainment,Debit,
2022-12-16,Fried Chicken,336032,Expense,Food,Debit,
2022-12-15,Electronics,239817,Expense,Shopping,Cash,
2022-12-15,Electronic Savings,387812,Expense,Savings,E-Wallet,
2022-12-14,Miscellaneous,412290,Expense,Others,Credit,
2022-12-14,Pizza,331186,Expense,Food,E-Wallet,
2022-12-14,Pizza,138376,Expense,Food,Credit,
2022-12-11,Fried Chicken,438519,Expense,Food,Cash,
2022-12-11,Bus,397132,Expense,Transport,Cash,
2022-12-09,Cinema,166379,Expense,Entertainment,E-Wallet,
2022-12-07,Tacos,86256,Expense,Food,Debit,
2022-12-05,Bus,234021,Expense,Transport,Cash,
2022-12-05,Electronics,457456,Expense,Shopping,E-Wallet,
2022-12-03,Bonus,3000000,Income,Bonus,Debit,Performance bonus
2022-12-01,Fried Chicken,269013,Expense,Food,Debit,
2022-12-01,Monthly Paycheck,7000000,Income,Salary,Debit,
2022-12-01,Electronic Savings,104270,Expense,Savings,Credit,
2022-12-01,Clothes,295977,Expense,Shopping,Credit,
2022-11-29,Miscellaneous,258552,Expense,Others,Debit,
2022-11-29,Electronic Savings,307142,Expense,Savings,E-Wallet,
2022-11-29,Bus,241324,Expense,Transport,Debit,
2022-11-27,Electronic Savings,227841,Expense,Savings,E-Wallet,
2022-11-27,Cinema,456960,Expense,Entertainment,E-Wallet,
2022-11-27,Cinema,147541,Expense,Entertainment,Debit,
2022-11-26,Bus,15287,Expense,Transport,Debit,
2022-11-25,Electronic Savings,138727,Expense,Savings,Debit,
2022-11-25,Tacos,60940,Expense,Food,Credit,
2022-11-24,Fried Chicken,229930,Expense,Food,Debit,
2022-11-24,Cinema,41778,Expense,Entertainment,Credit,
2022-11-24,Disneyland,89768,Expense,Entertainment,Debit,
2022-11-20,Miscellaneous,185745,Expense,Others,Credit,
2022-11-20,Clothes,444904,Expense,Shopping,Cash,
2022-11-20,Electronics,406471,Expense,Shopping,Debit,
2022-11-19,Miscellaneous,131300,Expense,Others,Debit,
2022-11-18,Miscellaneous,390562,Expense,Others,Credit,
2022-11-16,Cinema,223046,Expense,Entertainment,E-Wallet,
2022-11-15,Bus,427475,Expense,Transport,Credit,
2022-11-15,Cinema,363556,Expense,Entertainment,E-Wallet,
2022-11-15,Fried Chicken,306195,Expense,Food,E-Wallet,
2022-11-14,Electronic Savings,135703,Expense,Savings,Debit,
2022-11-14,Disneyland,198938,Expense,Entertainment,Debit,
2022-11-14,Electronics,159143,Expense,Shopping,E-Wallet,
2022-11-13,Disneyland,381602,Expense,Entertainment,Cash,
2022-11-13,Bus,241447,Expense,Transport,E-Wallet,
2022-11-10,Electronic Savings,271497,Expense,Savings,Debit,
2022-11-09,Disneyland,109853,Expense,Entertainment,Credit,
2022-11-09,Train,186089,Expense,Transport,Cash,
2022-11-08,Train,71877,Expense,Transport,Debit,
2022-11-08,Clothes,332854,Expense,Shopping,Credit,
2022-11-08,Miscellaneous,199699,Expense,Others,E-Wallet,
2022-11-08,Electronic Savings,40099,Expense,Savings,E-Wallet,
2022-11-05,Electronic Savings,194466,Expense,Savings,E-Wallet,
2022-11-05,Miscellaneous,304700,Expense,Others,E-Wallet,
2022-11-05,Miscellaneous,463929,Expense,Others,Credit,
2022-11-03,Electronics,266010,Expense,Shopping,E-Wallet,
2022-11-03,Electronic Savings,397732,Expense,Savings,Debit,
2022-11-03,Bonus,3000000,Income,Bonus,Debit,Performance bonus
2022-11-02,Electronic Savings,104439,Expense,Savings,Debit,
2022-11-01,Disneyland,470486,Expense,Entertainment,E-Wallet,
2022-11-01,Monthly Paycheck,7000000,Income,Salary,Debit,
2022-10-31,Miscellaneous,443816,Expense,Others,E-Wallet,
2022-10-30,Electronic Savings,381923,Expense,Savings,Cash,
2022-10-29,Electronic Savings,136020,Expense,Savings,Credit,
2022-10-28,Miscellaneous,212043,Expense,Others,Cash,
2022-10-28,Electronic Savings,475122,Expense,Savings,Cash,
2022-10-26,Miscellaneous,405136,Expense,Others,Debit,
2022-10-25,Pizza,99037,Expense,Food,Cash,
2022-10-25,Cinema,495687,Expense,Entertainment,Debit,
2022-10-24,Cinema,180492,Expense,Entertainment,Cash,
2022-10-24,Cinema,57362,Expense,Entertainment,Cash,
2022-10-23,Fried Chicken,292107,Expense,Food,E-Wallet,
2022-10-22,Miscellaneous,123650,Expense,Others,Cash,
2022-10-22,Electronics,214615,Expense,Shopping,Debit,
2022-10-22,Electronics,146643,Expense,Shopping,E-Wallet,
2022-10-21,Train,243103,Expense,Transport,E-Wallet,
2022-10-19,Electronics,303894,Expense,Shopping,E-Wallet,
2022-10-18,Clothes,84553,Expense,Shopping,Cash,
2022-10-17,Flight Tickets,320001,Expense,Transport,E-Wallet,
2022-10-16,Bus,96123,Expense,Transport,E-Wallet,
2022-10-16,Electronic Savings,498618,Expense,Savings,E-Wallet,
2022-10-15,Miscellaneous,111520,Expense,Others,Credit,
2022-10-15,Disneyland,202192,Expense,Entertainment,Credit,
2022-10-14,Cinema,452882,Expense,Entertainment,Cash,
2022-10-14,Electronic Savings,115823,Expense,Savings,Debit,
2022-10-13,Bus,173817,Expense,Transport,Credit,
2022-10-13,Electronic Savings,495417,Expense,Savings,E-Wallet,
2022-10-13,Cinema,215342,Expense,Entertainment,Debit,
2022-10-13,Miscellaneous,132332,Expense,Others,E-Wallet,
2022-10-12,Miscellaneous,193852,Expense,Others,Cash,
2022-10-11,Clothes,283264,Expense,Shopping,Debit,
2022-10-11,Bus,361537,Expense,Transport,Cash,
2022-10-09,Clothes,417688,Expense,Shopping,Debit,
2022-10-09,Tacos,445030,Expense,Food,E-Wallet,
2022-10-07,Clothes,395773,Expense,Shopping,E-Wallet,
2022-10-07,Flight Tickets,340721,Expense,Transport,Debit,
2022-10-05,Cinema,347629,Expense,Entertainment,Credit,
2022-10-04,Disneyland,415166,Expense,Entertainment,Cash,
2022-10-03,Miscellaneous,459076,Expense,Others,E-Wallet,
2022-10-02,Flight Tickets,432975,Expense,Transport,Cash,
2022-10-01,Monthly Paycheck,7000000,Income,Salary,Debit,
2022-09-30,Flight Tickets,142663,Expense,Transport,E-Wallet,
2022-09-29,Electronic Savings,134481,Expense,Savings,Cash,
2022-09-29,Bus,296233,Expense,Transport,E-Wallet,
2022-09-29,Miscellaneous,310709,Expense,Others,Credit,
2022-09-28,Cinema,339728,Expense,Entertainment,Debit,
2022-09-27,Electronic Savings,127235,Expense,Savings,E-Wallet,
2022-09-26,Disneyland,271570,Expense,Entertainment,E-Wallet,
2022-09-26,Clothes,167702,Expense,Shopping,Credit,
2022-09-25,Electronic Savings,371309,Expense,Savings,E-Wallet,
2022-09-24,Miscellaneous,120659,Expense,Others,Cash,
2022-09-22,Train,461442,Expense,Transport,Credit,
2022-09-21,Electronic Savings,316000,Expense,Savings,E-Wallet,
2022-09-20,Clothes,403600,Expense,Shopping,Cash,
2022-09-19,Miscellaneous,187912,Expense,Others,E-Wallet,
2022-09-19,Clothes,339650,Expense,Shopping,Debit,
2022-09-19,Disneyland,189426,Expense,Entertainment,E-Wallet,
2022-09-19,Disneyland,327387,Expense,Entertainment,Credit,
2022-09-17,Tacos,174053,Expense,Food,Credit,
2022-09-17,Flight Tickets,101748,Expense,Transport,E-Wallet,
2022-09-16,Train,202003,Expense,Transport,Credit,
2022-09-15,Electronics,290833,Expense,Shopping,Cash,
2022-09-14,Disneyland,283109,Expense,Entertainment,Credit,
2022-09-14,Disneyland,267906,Expense,Entertainment,Credit,
2022-09-13,Miscellaneous,497829,Expense,Others,Cash,
2022-09-10,Clothes,347827,Expense,Shopping,E-Wallet,
2022-09-08,Electronic Savings,414015,Expense,Savings,Cash,
2022-09-07,Train,354126,Expense,Transport,Debit,
2022-09-05,Electronic Savings,124585,Expense,Savings,Debit,
2022-09-03,Cinema,380965,Expense,Entertainment,Credit,
2022-09-02,Clothes,279932,Expense,Shopping,Credit,
2022-09-02,Tacos,231135,Expense,Food,Credit,
2022-09-01,Monthly Paycheck,7000000,Income,Salary,Debit,
2022-09-01,Train,57915,Expense,Transport,Cash,
2022-08-29,Miscellaneous,25282,Expense,Others,Credit,
2022-08-28,Disneyland,452061,Expense,Entertainment,Cash,
2022-08-27,Electronic Savings,375340,Expense,Savings,E-Wallet,
2022-08-25,Clothes,301385,Expense,Shopping,Credit,
2022-08-22,Tacos,69163,Expense,Food,Debit,
2022-08-19,Tacos,244565,Expense,Food,Cash,
2022-08-19,Fried Chicken,186872,Expense,Food,Credit,
2022-08-19,Electronic Savings,296370,Expense,Savings,Debit,
2022-08-13,Miscellaneous,317257,Expense,Others,Credit,
2022-08-13,Pizza,396193,Expense,Food,Credit,
2022-08-11,Tacos,347369,Expense,Food,Credit,
2022-08-10,Clothes,428058,Expense,Shopping,Debit,
2022-08-08,Disneyland,403944,Expense,Entertainment,Debit,
2022-08-07,Flight Tickets,427170,Expense,Transport,Cash,
2022-08-07,Fried Chicken,451004,Expense,Food,E-Wallet,
2022-08-04,Cinema,139695,Expense,Entertainment,Cash,
2022-08-03,Miscellaneous,328766,Expense,Others,Credit,
2022-08-03,Flight Tickets,454975,Expense,Transport,Debit,
2022-08-01,Electronics,375321,Expense,Shopping,Debit,
2022-08-01,Monthly Paycheck,7000000,Income,Salary,Debit,
2022-07-31,Pizza,86898,Expense,Food,E-Wallet,
2022-07-30,Bus,114573,Expense,Transport,Credit,
2022-07-30,Train,300316,Expense,Transport,Cash,
2022-07-29,Pizza,252998,Expense,Food,Debit,
2022-07-27,Electronics,148299,Expense,Shopping,Credit,
2022-07-27,Miscellaneous,12775,Expense,Others,Debit,
2022-07-26,Electronic Savings,254809,Expense,Savings,E-Wallet,
2022-07-26,Tacos,322727,Expense,Food,Cash,
2022-07-24,Disneyland,144828,Expense,Entertainment,Debit,
2022-07-24,Pizza,310557,Expense,Food,Credit,
2022-07-24,Clothes,213687,Expense,Shopping,E-Wallet,
2022-07-23,Train,346047,Expense,Transport,Debit,
2022-07-22,Electronic Savings,487266,Expense,Savings,Credit,
2022-07-21,Electronic Savings,110922,Expense,Savings,Credit,
2022-07-20,Cinema,291063,Expense,Entertainment,Debit,
2022-07-20,Clothes,147326,Expense,Shopping,Cash,
2022-07-20,Miscellaneous,70545,Expense,Others,E-Wallet,
2022-07-18,Cinema,280403,Expense,Entertainment,E-Wallet,
2022-07-18,Miscellaneous,167729,Expense,Others,Cash,
2022-07-17,Clothes,269820,Expense,Shopping,Cash,
2022-07-17,Pizza,461978,Expense,Food,Credit,
2022-07-17,Clothes,299341,Expense,Shopping,E-Wallet,
2022-07-17,Miscellaneous,381616,Expense,Others,E-Wallet,
2022-07-16,Pizza,316094,Expense,Food,Debit,
2022-07-16,Pizza,133030,Expense,Food,Credit,
2022-07-14,Electronic Savings,485413,Expense,Savings,E-Wallet,
2022-07-13,Electronic Savings,268067,Expense,Savings,Cash,
2022-07-09,Electronic Savings,153891,Expense,Savings,Debit,
2022-07-09,Miscellaneous,69676,Expense,Others,Cash,
2022-07-08,Tacos,148262,Expense,Food,E-Wallet,
2022-07-08,Bus,30808,Expense,Transport,Debit,
2022-07-06,Fried Chicken,100353,Expense,Food,Debit,
2022-07-06,Clothes,17813,Expense,Shopping,Credit,
2022-07-06,Electronic Savings,326837,Expense,Savings,Credit,
2022-07-05,Miscellaneous,54247,Expense,Others,Debit,
2022-07-05,Flight Tickets,154832,Expense,Transport,E-Wallet,
2022-07-04,Bus,326189,Expense,Transport,Cash,
2022-07-01,Monthly Paycheck,7000000,Income,Salary,Debit,
2022-06-30,Train,362618,Expense,Transport,E-Wallet,
2022-06-29,Fried Chicken,131673,Expense,Food,Debit,
2022-06-26,Train,440192,Expense,Transport,E-Wallet,
2022-06-26,Miscellaneous,262100,Expense,Others,Credit,
2022-06-26,Disneyland,88279,Expense,Entertainment,Cash,
2022-06-26,Electronics,43340,Expense,Shopping,Credit,
2022-06-24,Train,247113,Expense,Transport,Cash,
2022-06-24,Bus,268722,Expense,Transport,E-Wallet,
2022-06-22,Electronic Savings,292247,Expense,Savings,Cash,
2022-06-22,Electronic Savings,424841,Expense,Savings,Cash,
2022-06-22,Electronic Savings,386896,Expense,Savings,Cash,
2022-06-20,Electronic Savings,126545,Expense,Savings,Cash,
2022-06-19,Miscellaneous,185695,Expense,Others,E-Wallet,
2022-06-18,Miscellaneous,44636,Expense,Others,Debit,
2022-06-18,Disneyland,413551,Expense,Entertainment,Debit,
2022-06-17,Bus,85388,Expense,Transport,Debit,
2022-06-17,Cinema,50695,Expense,Entertainment,Credit,
2022-06-17,Miscellaneous,299272,Expense,Others,Cash,
2022-06-15,Disneyland,162872,Expense,Entertainment,E-Wallet,
2022-06-13,Flight Tickets,132883,Expense,Transport,Credit,
2022-06-12,Disneyland,123000,Expense,Entertainment,Credit,
2022-06-10,Miscellaneous,310549,Expense,Others,Cash,
2022-06-09,Pizza,384504,Expense,Food,Cash,
2022-06-08,Electronic Savings,227228,Expense,Savings,E-Wallet,
